{"cameraMode":{"drawMode":0,"name":"Shaded","section":"Shading Mode"},"sceneLighting":true,"audioPlay":false,"sceneViewState":{"m_AlwaysRefresh":false,"showFog":true,"showSkybox":true,"showFlares":true,"showImageEffects":true,"showParticleSystems":true,"showVisualEffectGraphs":true,"m_FxEnabled":true},"in2DMode":false,"pivot":{"x":-14.321287155151368,"y":8.446907043457032,"z":11.46400260925293},"rotation":{"x":0.000007371347237494774,"y":0.9982259273529053,"z":-0.05996521934866905,"w":-0.0000030570895432902036},"size":4.930087089538574,"orthographic":false}